{"stats":{"minecraft:used":{"minecraft:stone_sword":9,"minecraft:birch_planks":2,"minecraft:stone_shovel":167,"minecraft:stone_pickaxe":16,"minecraft:oak_planks":53,"minecraft:wooden_pickaxe":15,"minecraft:cobblestone_slab":1,"minecraft:cooked_salmon":1,"minecraft:rotten_flesh":1,"minecraft:dirt":157,"minecraft:crafting_table":5,"supplementaries:bomb":3,"minecraft:bread":19,"tombstone:grave_key":2,"minecraft:stone_axe":108,"graveyard:upper_bone_staff":1,"minecraft:mangrove_roots":2,"minecraft:andesite":1,"minecraft:acacia_planks":32},"minecraft:broken":{"minecraft:stone_shovel":1},"minecraft:dropped":{"minecraft:birch_planks":9,"minecraft:wheat_seeds":1,"alexsmobs:animal_dictionary":1,"weaponmaster:tutorialbook":1,"minecraft:oak_planks":3,"minecraft:cracked_stone_bricks":1,"minecraft:coal":3,"minecraft:cobweb":18,"minecraft:gunpowder":1,"minecraft:melon_seeds":4,"artifacts:charm_of_sinking":1,"minecraft:wooden_sword":1,"minecraft:stone_bricks":1,"minecraft:bone_meal":6,"minecraft:wooden_pickaxe":1,"minecraft:string":18,"minecraft:acacia_planks":20,"minecraft:bone":8},"minecraft:custom":{"minecraft:mob_kills":8,"minecraft:interact_with_crafting_table":7,"minecraft:open_barrel":14,"minecraft:leave_game":1,"minecraft:time_since_death":4044,"minecraft:climb_one_cm":698,"minecraft:time_since_rest":3807,"minecraft:sprint_one_cm":141153,"minecraft:damage_taken":5926,"minecraft:walk_one_cm":177401,"minecraft:drop":18,"minecraft:damage_dealt":1214,"minecraft:swim_one_cm":1539,"minecraft:talked_to_villager":2,"minecraft:fly_one_cm":118017,"minecraft:open_chest":20,"minecraft:crouch_one_cm":4600,"minecraft:play_time":33872,"tombstone:undead_killed":3,"minecraft:deaths":2,"minecraft:sneak_time":1011,"minecraft:walk_under_water_one_cm":555,"minecraft:jump":693,"minecraft:walk_on_water_one_cm":240,"minecraft:total_world_time":33872,"minecraft:fall_one_cm":62881},"minecraft:crafted":{"minecraft:wooden_sword":1,"minecraft:oak_planks":100,"minecraft:stone_shovel":2,"minecraft:crafting_table":1,"minecraft:wooden_pickaxe":1,"minecraft:birch_planks":32,"minecraft:stone_axe":1,"minecraft:bread":27,"minecraft:stick":36,"minecraft:stone_pickaxe":1,"minecraft:stone_sword":1,"minecraft:acacia_planks":32,"minecraft:wheat":63},"minecraft:mined":{"minecraft:acacia_leaves":1,"minecraft:mangrove_roots":2,"minecraft:crafting_table":5,"minecraft:acacia_log":9,"minecraft:grass_block":105,"minecraft:chest":1,"minecraft:oak_planks":33,"minecraft:hay_block":7,"minecraft:birch_planks":1,"minecraft:birch_log":6,"minecraft:andesite":1,"minecraft:birch_leaves":1,"graveyard:upper_bone_staff":1,"minecraft:coal_ore":2,"minecraft:grass":5,"minecraft:oak_log":25,"minecraft:dirt":62,"minecraft:cobweb":1,"minecraft:acacia_planks":20,"minecraft:stone":28,"minecraft:oak_leaves":1,"minecraft:orange_bed":1},"minecraft:killed":{"theorcs:orc_ranger":1,"born_in_chaos_v1:zombie_lumberjack":1,"born_in_chaos_v1:maggot":2,"minecraft:zombie":2,"born_in_chaos_v1:corpse_fly":2},"minecraft:picked_up":{"minecraft:birch_log":8,"born_in_chaos_v1:corpse_maggot":3,"minecraft:crafting_table":5,"minecraft:andesite":1,"minecraft:birch_planks":1,"minecraft:oak_log":25,"minecraft:dirt":162,"minecraft:cooked_salmon":2,"minecraft:acacia_planks":20,"minecraft:stone_bricks":1,"minecraft:bow":1,"minecraft:cracked_stone_bricks":1,"minecraft:wheat_seeds":5,"minecraft:cobblestone_slab":1,"swem:oat_seeds":2,"minecraft:oak_planks":33,"minecraft:iron_boots":4,"minecraft:scaffolding":1,"artifacts:charm_of_sinking":1,"minecraft:acacia_log":8,"minecraft:orange_bed":1,"graveyard:upper_bone_staff":2,"minecraft:rotten_flesh":5,"minecraft:hay_block":7,"swem:alfalfa_seeds":1,"minecraft:mangrove_roots":2,"minecraft:bread":18,"minecraft:skeleton_skull":2,"minecraft:coal":2,"minecraft:cobblestone":28}},"DataVersion":3465}