{"stats":{"minecraft:picked_up":{"biomesoplenty:mahogany_log":3,"minecraft:wheat_seeds":2},"minecraft:custom":{"minecraft:jump":39,"minecraft:time_since_rest":4139,"minecraft:leave_game":1,"minecraft:crouch_one_cm":77,"minecraft:damage_taken":80,"minecraft:sprint_one_cm":7801,"minecraft:play_time":4139,"minecraft:time_since_death":4139,"minecraft:walk_one_cm":1981,"minecraft:sneak_time":8,"minecraft:total_world_time":4139,"minecraft:fall_one_cm":2544,"minecraft:fly_one_cm":12652},"minecraft:mined":{"minecraft:grass":1,"biomesoplenty:mahogany_leaves":5,"minecraft:fern":11,"biomesoplenty:mahogany_log":3}},"DataVersion":3465}