{"stats":{"minecraft:custom":{"minecraft:time_since_rest":15608,"minecraft:crouch_one_cm":647,"minecraft:play_time":15608,"minecraft:sprint_one_cm":52362,"minecraft:walk_one_cm":19322,"minecraft:damage_taken":110,"minecraft:sneak_time":160,"minecraft:walk_under_water_one_cm":30,"minecraft:jump":74,"minecraft:damage_dealt":10,"minecraft:leave_game":1,"minecraft:time_since_death":15608,"minecraft:walk_on_water_one_cm":2651,"minecraft:total_world_time":15608,"minecraft:swim_one_cm":4162,"minecraft:fall_one_cm":1718,"minecraft:fly_one_cm":90060},"minecraft:picked_up":{"minecraft:coarse_dirt":2,"swem:timothy_seeds":1,"minecraft:bone":2,"swem:alfalfa_seeds":1},"minecraft:mined":{"minecraft:grass":2,"biomesoplenty:high_grass":3,"minecraft:coarse_dirt":2,"biomesoplenty:high_grass_plant":5}},"DataVersion":3465}