{"stats":{"minecraft:custom":{"minecraft:jump":73,"minecraft:open_chest":2,"minecraft:time_since_rest":10530,"minecraft:damage_dealt":83,"minecraft:crouch_one_cm":859,"minecraft:leave_game":2,"minecraft:play_time":10530,"minecraft:sprint_one_cm":21482,"minecraft:damage_taken":60,"minecraft:time_since_death":10530,"minecraft:walk_one_cm":33415,"minecraft:sneak_time":355,"minecraft:total_world_time":10530,"minecraft:mob_kills":2,"minecraft:fly_one_cm":76105},"minecraft:picked_up":{"minecraft:rotten_flesh":8},"minecraft:used":{"minecraft:torch":3,"minecraft:zombie_villager_spawn_egg":10,"minecraft:zombie_horse_spawn_egg":1}},"DataVersion":3465}