{"stats":{"minecraft:used":{"minecraft:oak_planks":7,"minecraft:chest":1,"minecraft:wooden_pickaxe":20,"minecraft:wooden_shovel":178,"minecraft:cracked_stone_bricks":1,"minecraft:dirt":129,"minecraft:crafting_table":3,"minecraft:oak_log":22,"minecraft:wooden_axe":39,"minecraft:apple":3,"minecraft:bread":23,"graveyard:upper_bone_staff":4,"alexsmobs:animal_dictionary":1,"minecraft:potato":5,"minecraft:acacia_planks":20},"minecraft:broken":{"minecraft:wooden_shovel":3,"minecraft:wooden_axe":1},"minecraft:dropped":{"minecraft:bread":40,"graveyard:upper_bone_staff":2,"minecraft:obsidian":3,"swem:jump_xp_potion":2,"minecraft:dirt":1,"minecraft:oak_button":1,"minecraft:spider_eye":1,"swem:bow_gold":1,"minecraft:bone":2},"minecraft:crafted":{"minecraft:wooden_sword":1,"minecraft:oak_planks":28,"minecraft:wooden_shovel":3,"minecraft:crafting_table":1,"minecraft:wooden_pickaxe":1,"minecraft:birch_planks":24,"minecraft:stick":12,"minecraft:wooden_axe":1,"minecraft:chest":1,"minecraft:oak_button":1},"minecraft:custom":{"minecraft:interact_with_furnace":4,"minecraft:mob_kills":7,"minecraft:interact_with_crafting_table":7,"minecraft:tune_noteblock":3,"minecraft:open_barrel":14,"minecraft:bell_ring":1,"minecraft:leave_game":1,"minecraft:time_since_death":0,"minecraft:sleep_in_bed":1,"minecraft:climb_one_cm":934,"minecraft:time_since_rest":0,"minecraft:sprint_one_cm":520432,"minecraft:damage_taken":3198,"minecraft:walk_one_cm":299801,"minecraft:drop":29,"minecraft:damage_dealt":1131,"minecraft:swim_one_cm":3994,"minecraft:talked_to_villager":1,"minecraft:fly_one_cm":232808,"minecraft:open_chest":34,"minecraft:crouch_one_cm":6055,"minecraft:play_time":56653,"minecraft:deaths":3,"minecraft:sneak_time":1028,"minecraft:walk_under_water_one_cm":104,"minecraft:jump":868,"minecraft:walk_on_water_one_cm":1376,"minecraft:total_world_time":56653,"minecraft:fall_one_cm":32585},"minecraft:mined":{"minecraft:cobblestone_stairs":1,"minecraft:crafting_table":2,"minecraft:oak_wood":3,"minecraft:grass_block":186,"swem:star_worm_cobble":4,"minecraft:skeleton_skull":1,"minecraft:cobblestone_wall":1,"minecraft:birch_log":6,"minecraft:barrel":1,"minecraft:birch_leaves":2,"graveyard:upper_bone_staff":5,"minecraft:grass":10,"minecraft:cobblestone_slab":2,"minecraft:oak_log":26,"minecraft:dirt":7,"minecraft:cracked_stone_bricks":6,"minecraft:stone":1,"minecraft:stone_bricks":1,"minecraft:oak_leaves":3,"minecraft:spruce_slab":1},"minecraft:killed":{"guardvillagers:guard":1,"minecraft:sheep":3,"realmrpg_demons:chort":1},"minecraft:picked_up":{"minecraft:birch_log":6,"minecraft:crafting_table":2,"minecraft:wheat":2,"minecraft:clay_ball":3,"swem:star_worm":9,"minecraft:oak_log":26,"minecraft:dirt":172,"minecraft:iron_leggings":1,"minecraft:bone":2,"minecraft:acacia_planks":20,"minecraft:cracked_stone_bricks":1,"swem:bow_gold":1,"minecraft:wheat_seeds":1,"swem:jump_xp_potion":2,"minecraft:spruce_slab":1,"swem:oat_seeds":3,"minecraft:stick":3,"minecraft:ink_sac":1,"minecraft:spider_eye":1,"graveyard:upper_bone_staff":6,"minecraft:oak_wood":3,"minecraft:arrow":2,"butchersdelight:deadsheep":3,"minecraft:rotten_flesh":3,"swem:alfalfa_seeds":2,"minecraft:bread":22,"minecraft:oak_button":1,"minecraft:oak_sapling":1,"minecraft:skeleton_skull":2,"minecraft:coal":2,"minecraft:white_wool":2}},"DataVersion":3465}