{"stats":{"minecraft:used":{"minecraft:torch":20},"minecraft:picked_up":{"minecraft:torch":2},"minecraft:custom":{"minecraft:jump":85,"minecraft:open_chest":9,"minecraft:time_since_rest":9838,"minecraft:walk_on_water_one_cm":1367,"minecraft:damage_dealt":45,"minecraft:crouch_one_cm":191,"minecraft:sprint_one_cm":27723,"minecraft:play_time":9838,"minecraft:damage_taken":80,"minecraft:time_since_death":9838,"minecraft:walk_one_cm":27246,"minecraft:sneak_time":154,"minecraft:total_world_time":9838,"minecraft:talked_to_villager":2,"minecraft:fall_one_cm":1703,"minecraft:fly_one_cm":46522,"minecraft:open_barrel":2,"minecraft:interact_with_brewingstand":1}},"DataVersion":3465}