{"stats":{"minecraft:used":{"farmersdelight:iron_knife":2,"minecraft:oak_trapdoor":1,"minecraft:water_bucket":1,"minecraft:stone_sword":119,"minecraft:stone_shovel":262,"minecraft:stone_pickaxe":123,"minecraft:wooden_pickaxe":10,"minecraft:torch":11,"minecraft:golden_apple":1,"minecraft:dirt":176,"minecraft:crafting_table":6,"minecraft:bread":26,"tombstone:grave_key":1,"minecraft:cobblestone":7,"minecraft:furnace":5,"minecraft:bucket":1,"minecraft:andesite":1,"alexsmobs:animal_dictionary":3},"minecraft:broken":{"minecraft:stone_shovel":2},"minecraft:dropped":{"minecraft:wheat_seeds":4,"alexsmobs:animal_dictionary":2,"minecraft:wheat":1,"swem:health_xp_potion":5,"minecraft:carrot":1,"minecraft:dirt":1,"swem:timothy_seeds":6,"swem:affinity_xp_potion":3,"swem:all_xp_potion":1,"minecraft:cooked_salmon":2,"minecraft:oak_sapling":1,"artifacts:charm_of_sinking":2,"minecraft:spider_eye":1,"swem:speed_xp_potion":4,"minecraft:arrow":2,"minecraft:wooden_pickaxe":1,"minecraft:bone":2},"minecraft:killed_by":{"alexsmobs:leafcutter_ant":1},"minecraft:crafted":{"minecraft:stone_shovel":2,"minecraft:cooked_porkchop":3,"minecraft:crafting_table":2,"farmersdelight:iron_knife":1,"minecraft:baked_potato":11,"minecraft:wooden_pickaxe":1,"minecraft:furnace":3,"minecraft:cooked_salmon":2,"minecraft:bucket":1,"minecraft:birch_planks":44,"butchersdelightfoods:cookedsheeprack":1,"minecraft:cooked_mutton":1,"minecraft:air":0,"minecraft:stick":12,"minecraft:iron_ingot":1,"minecraft:stone_pickaxe":1,"minecraft:stone_sword":1,"minecraft:torch":12},"minecraft:custom":{"minecraft:interact_with_furnace":25,"minecraft:mob_kills":10,"minecraft:interact_with_crafting_table":13,"minecraft:open_barrel":7,"minecraft:damage_dealt_resisted":3,"minecraft:leave_game":1,"minecraft:time_since_death":0,"minecraft:sleep_in_bed":1,"minecraft:time_since_rest":213,"minecraft:sprint_one_cm":221943,"minecraft:walk_one_cm":390261,"minecraft:damage_taken":3325,"minecraft:damage_absorbed":40,"minecraft:drop":33,"minecraft:damage_dealt":2343,"minecraft:swim_one_cm":6770,"minecraft:talked_to_villager":1,"minecraft:fly_one_cm":124813,"minecraft:open_chest":26,"minecraft:crouch_one_cm":6143,"minecraft:play_time":53788,"tombstone:undead_killed":1,"minecraft:deaths":3,"minecraft:sneak_time":1406,"minecraft:walk_under_water_one_cm":3172,"minecraft:jump":738,"minecraft:walk_on_water_one_cm":1186,"minecraft:total_world_time":53788,"minecraft:fall_one_cm":27615},"minecraft:mined":{"minecraft:red_bed":1,"minecraft:crafting_table":4,"minecraft:torch":5,"minecraft:grass_block":132,"minecraft:tall_grass":3,"minecraft:cobblestone":3,"minecraft:wall_torch":6,"minecraft:oak_trapdoor":1,"minecraft:furnace":2,"minecraft:birch_log":11,"minecraft:fire":29,"minecraft:andesite":1,"minecraft:grass":4,"minecraft:coal_ore":63,"minecraft:dirt":135,"minecraft:stone":62,"minecraft:oak_leaves":7},"minecraft:killed":{"theorcs:orc_grunt":1,"minecraft:spider":3,"minecraft:sheep":1,"minecraft:skeleton":1,"naturalist:deer":1,"alexsmobs:leafcutter_ant":2,"alexsmobs:gazelle":1},"minecraft:picked_up":{"minecraft:birch_log":11,"swem:timothy_seeds":6,"minecraft:crafting_table":4,"minecraft:wheat":1,"minecraft:salmon":1,"minecraft:andesite":1,"minecraft:potato":10,"minecraft:string":3,"minecraft:dirt":293,"minecraft:oak_trapdoor":1,"minecraft:red_bed":1,"minecraft:bone":2,"minecraft:wheat_seeds":4,"minecraft:light_gray_wool":1,"minecraft:iron_sword":1,"minecraft:furnace":2,"minecraft:stick":2,"artifacts:charm_of_sinking":1,"minecraft:torch":11,"minecraft:carrot":1,"minecraft:spider_eye":2,"alexsmobs:animal_dictionary":1,"butchersdelight:sheephide":1,"minecraft:arrow":2,"butchersdelight:deadsheep":1,"butchersdelightfoods:sheeprack":1,"minecraft:baked_potato":2,"minecraft:oak_sapling":1,"minecraft:mutton":1,"minecraft:coal":76,"minecraft:white_wool":1,"minecraft:cobblestone":63}},"DataVersion":3465}