{"stats":{"minecraft:picked_up":{"minecraft:diamond":2,"minecraft:quartz":2,"minecraft:gold_nugget":6,"ad_astra:moon_sand":2,"minecraft:iron_ingot":2,"minecraft:cobweb":1,"minecraft:gold_ingot":1,"minecraft:emerald":2,"minecraft:iron_nugget":4,"minecraft:redstone":1},"minecraft:mined":{"minecraft:birch_leaves":1,"minecraft:oak_leaves":1},"minecraft:used":{"alexsmobs:spawn_egg_farseer":1,"alexscaves:spawn_egg_raycat":1,"alexsmobs:spawn_egg_underminer":1,"alexsmobs:spawn_egg_murmur":1,"alexsmobs:spawn_egg_skreecher":1,"alexsmobs:spawn_egg_skunk":1,"alexsmobs:spawn_egg_banana_slug":2,"alexsmobs:spawn_egg_rhinoceros":1,"alexsmobs:spawn_egg_sugar_glider":1,"alexscaves:spawn_egg_gossamer_worm":1},"minecraft:custom":{"minecraft:time_since_rest":5934,"minecraft:crouch_one_cm":89,"minecraft:play_time":5934,"minecraft:sprint_one_cm":2518,"minecraft:walk_one_cm":2570,"minecraft:sneak_time":247,"minecraft:jump":20,"minecraft:damage_dealt":25,"minecraft:time_since_death":5934,"minecraft:total_world_time":5934,"minecraft:fall_one_cm":269,"minecraft:fly_one_cm":33817}},"DataVersion":3465}